use QLTTTM;

/* =========================================================
   SEED DATA TEST
   Tables:
   - KHACHTHUE
   - NHANVIEN
   - MATBANG
   - HOPDONG

   Lưu ý:
   - Script dùng mã có prefix SEED để tránh đụng dữ liệu thật.
   - Nếu đã chạy trước đó, các dòng IF NOT EXISTS sẽ tránh lỗi trùng PK.
   ========================================================= */

BEGIN TRANSACTION;

BEGIN TRY

/* =========================================================
   1. KHACHTHUE - 10 khách thuê
   ========================================================= */

IF NOT EXISTS (SELECT 1 FROM KHACHTHUE WHERE MAKH = 'KH_SEED_001')
INSERT INTO KHACHTHUE
    (MAKH, TENKHACH, CCCD_MST, SDT, EMAIL, DIACHI, TRANGTHAI, NGAYTAO)
VALUES
    ('KH_SEED_001', N'Starbucks', 'MST_SEED_001', '0901000001', 'starbucks@mainplaza.vn', N'Tầng G - Main Plaza', N'Đang thuê', GETDATE());

IF NOT EXISTS (SELECT 1 FROM KHACHTHUE WHERE MAKH = 'KH_SEED_002')
INSERT INTO KHACHTHUE
    (MAKH, TENKHACH, CCCD_MST, SDT, EMAIL, DIACHI, TRANGTHAI, NGAYTAO)
VALUES
    ('KH_SEED_002', N'Highlands Coffee', 'MST_SEED_002', '0901000002', 'highlands@mainplaza.vn', N'Tầng G - Main Plaza', N'Đang thuê', GETDATE());

IF NOT EXISTS (SELECT 1 FROM KHACHTHUE WHERE MAKH = 'KH_SEED_003')
INSERT INTO KHACHTHUE
    (MAKH, TENKHACH, CCCD_MST, SDT, EMAIL, DIACHI, TRANGTHAI, NGAYTAO)
VALUES
    ('KH_SEED_003', N'Phúc Long', 'MST_SEED_003', '0901000003', 'phuclong@mainplaza.vn', N'Tầng 1 - Main Plaza', N'Đang thuê', GETDATE());

IF NOT EXISTS (SELECT 1 FROM KHACHTHUE WHERE MAKH = 'KH_SEED_004')
INSERT INTO KHACHTHUE
    (MAKH, TENKHACH, CCCD_MST, SDT, EMAIL, DIACHI, TRANGTHAI, NGAYTAO)
VALUES
    ('KH_SEED_004', N'KFC', 'MST_SEED_004', '0901000004', 'kfc@mainplaza.vn', N'Tầng 2 - Main Plaza', N'Đang thuê', GETDATE());

IF NOT EXISTS (SELECT 1 FROM KHACHTHUE WHERE MAKH = 'KH_SEED_005')
INSERT INTO KHACHTHUE
    (MAKH, TENKHACH, CCCD_MST, SDT, EMAIL, DIACHI, TRANGTHAI, NGAYTAO)
VALUES
    ('KH_SEED_005', N'Lotteria', 'MST_SEED_005', '0901000005', 'lotteria@mainplaza.vn', N'Tầng 2 - Main Plaza', N'Đang thuê', GETDATE());

IF NOT EXISTS (SELECT 1 FROM KHACHTHUE WHERE MAKH = 'KH_SEED_006')
INSERT INTO KHACHTHUE
    (MAKH, TENKHACH, CCCD_MST, SDT, EMAIL, DIACHI, TRANGTHAI, NGAYTAO)
VALUES
    ('KH_SEED_006', N'CGV Cinemas', 'MST_SEED_006', '0901000006', 'cgv@mainplaza.vn', N'Tầng 5 - Main Plaza', N'Đang thuê', GETDATE());

IF NOT EXISTS (SELECT 1 FROM KHACHTHUE WHERE MAKH = 'KH_SEED_007')
INSERT INTO KHACHTHUE
    (MAKH, TENKHACH, CCCD_MST, SDT, EMAIL, DIACHI, TRANGTHAI, NGAYTAO)
VALUES
    ('KH_SEED_007', N'Miniso', 'MST_SEED_007', '0901000007', 'miniso@mainplaza.vn', N'Tầng 1 - Main Plaza', N'Đang thuê', GETDATE());

IF NOT EXISTS (SELECT 1 FROM KHACHTHUE WHERE MAKH = 'KH_SEED_008')
INSERT INTO KHACHTHUE
    (MAKH, TENKHACH, CCCD_MST, SDT, EMAIL, DIACHI, TRANGTHAI, NGAYTAO)
VALUES
    ('KH_SEED_008', N'Guardian', 'MST_SEED_008', '0901000008', 'guardian@mainplaza.vn', N'Tầng 1 - Main Plaza', N'Đang thuê', GETDATE());

IF NOT EXISTS (SELECT 1 FROM KHACHTHUE WHERE MAKH = 'KH_SEED_009')
INSERT INTO KHACHTHUE
    (MAKH, TENKHACH, CCCD_MST, SDT, EMAIL, DIACHI, TRANGTHAI, NGAYTAO)
VALUES
    ('KH_SEED_009', N'H&M', 'MST_SEED_009', '0901000009', 'hm@mainplaza.vn', N'Tầng 3 - Main Plaza', N'Đang thuê', GETDATE());

IF NOT EXISTS (SELECT 1 FROM KHACHTHUE WHERE MAKH = 'KH_SEED_010')
INSERT INTO KHACHTHUE
    (MAKH, TENKHACH, CCCD_MST, SDT, EMAIL, DIACHI, TRANGTHAI, NGAYTAO)
VALUES
    ('KH_SEED_010', N'Adidas', 'MST_SEED_010', '0901000010', 'adidas@mainplaza.vn', N'Tầng 3 - Main Plaza', N'Đang thuê', GETDATE());


/* =========================================================
   2. NHANVIEN - 10 nhân viên
   ========================================================= */

IF NOT EXISTS (SELECT 1 FROM NHANVIEN WHERE MANV = 'NV_SEED_001')
INSERT INTO NHANVIEN
    (MANV, HOTEN, PHONGBAN, CHUCVU, SDT, EMAIL, TRANGTHAI, NGAYTAO)
VALUES
    ('NV_SEED_001', N'Nguyễn Văn Quản', N'Quản trị hệ thống', N'Quản trị viên', '0912000001', 'qtv.seed@mainplaza.vn', N'Đang làm', GETDATE());

IF NOT EXISTS (SELECT 1 FROM NHANVIEN WHERE MANV = 'NV_SEED_002')
INSERT INTO NHANVIEN
    (MANV, HOTEN, PHONGBAN, CHUCVU, SDT, EMAIL, TRANGTHAI, NGAYTAO)
VALUES
    ('NV_SEED_002', N'Trần Thị Bảo', N'Ban Quản Lý', N'Ban Quản Lý', '0912000002', 'bql.seed@mainplaza.vn', N'Đang làm', GETDATE());

IF NOT EXISTS (SELECT 1 FROM NHANVIEN WHERE MANV = 'NV_SEED_003')
INSERT INTO NHANVIEN
    (MANV, HOTEN, PHONGBAN, CHUCVU, SDT, EMAIL, TRANGTHAI, NGAYTAO)
VALUES
    ('NV_SEED_003', N'Lê Minh Khang', N'Kinh doanh - Tài chính', N'Trưởng phòng', '0912000003', 'tp.kdtc.seed@mainplaza.vn', N'Đang làm', GETDATE());

IF NOT EXISTS (SELECT 1 FROM NHANVIEN WHERE MANV = 'NV_SEED_004')
INSERT INTO NHANVIEN
    (MANV, HOTEN, PHONGBAN, CHUCVU, SDT, EMAIL, TRANGTHAI, NGAYTAO)
VALUES
    ('NV_SEED_004', N'Phạm Hoài An', N'Kinh doanh - Tài chính', N'Nhân viên', '0912000004', 'nv.kdtc01.seed@mainplaza.vn', N'Đang làm', GETDATE());

IF NOT EXISTS (SELECT 1 FROM NHANVIEN WHERE MANV = 'NV_SEED_005')
INSERT INTO NHANVIEN
    (MANV, HOTEN, PHONGBAN, CHUCVU, SDT, EMAIL, TRANGTHAI, NGAYTAO)
VALUES
    ('NV_SEED_005', N'Đặng Quốc Huy', N'Kinh doanh - Tài chính', N'Nhân viên', '0912000005', 'nv.kdtc02.seed@mainplaza.vn', N'Đang làm', GETDATE());

IF NOT EXISTS (SELECT 1 FROM NHANVIEN WHERE MANV = 'NV_SEED_006')
INSERT INTO NHANVIEN
    (MANV, HOTEN, PHONGBAN, CHUCVU, SDT, EMAIL, TRANGTHAI, NGAYTAO)
VALUES
    ('NV_SEED_006', N'Võ Thanh Tùng', N'Vận hành - Bảo trì', N'Trưởng phòng', '0912000006', 'tp.vhbt.seed@mainplaza.vn', N'Đang làm', GETDATE());

IF NOT EXISTS (SELECT 1 FROM NHANVIEN WHERE MANV = 'NV_SEED_007')
INSERT INTO NHANVIEN
    (MANV, HOTEN, PHONGBAN, CHUCVU, SDT, EMAIL, TRANGTHAI, NGAYTAO)
VALUES
    ('NV_SEED_007', N'Ngô Thị Mai', N'Vận hành - Bảo trì', N'Nhân viên', '0912000007', 'nv.vhbt01.seed@mainplaza.vn', N'Đang làm', GETDATE());

IF NOT EXISTS (SELECT 1 FROM NHANVIEN WHERE MANV = 'NV_SEED_008')
INSERT INTO NHANVIEN
    (MANV, HOTEN, PHONGBAN, CHUCVU, SDT, EMAIL, TRANGTHAI, NGAYTAO)
VALUES
    ('NV_SEED_008', N'Bùi Đức Long', N'Vận hành - Bảo trì', N'Nhân viên', '0912000008', 'nv.vhbt02.seed@mainplaza.vn', N'Đang làm', GETDATE());

IF NOT EXISTS (SELECT 1 FROM NHANVIEN WHERE MANV = 'NV_SEED_009')
INSERT INTO NHANVIEN
    (MANV, HOTEN, PHONGBAN, CHUCVU, SDT, EMAIL, TRANGTHAI, NGAYTAO)
VALUES
    ('NV_SEED_009', N'Hoàng Minh Châu', N'Vận hành - Bảo trì', N'Nhân viên', '0912000009', 'nv.vhbt03.seed@mainplaza.vn', N'Đang làm', GETDATE());

IF NOT EXISTS (SELECT 1 FROM NHANVIEN WHERE MANV = 'NV_SEED_010')
INSERT INTO NHANVIEN
    (MANV, HOTEN, PHONGBAN, CHUCVU, SDT, EMAIL, TRANGTHAI, NGAYTAO)
VALUES
    ('NV_SEED_010', N'Phan Gia Hân', N'Ban Quản Lý', N'Ban Quản Lý', '0912000010', 'bql02.seed@mainplaza.vn', N'Đang làm', GETDATE());


/* =========================================================
   3. MATBANG - 20 mặt bằng
   10 mặt bằng đầu đang thuê, 8 còn trống, 2 bảo trì
   ========================================================= */

IF NOT EXISTS (SELECT 1 FROM MATBANG WHERE MAMB = 'MB_SEED_001')
INSERT INTO MATBANG (MAMB, VITRI, TANG, DIENTICH, LOAIMB, TRANGTHAI, GHICHU)
VALUES ('MB_SEED_001', N'Khu G - Gian G01', 0, 120.00, N'Ẩm thực', N'Đang thuê', N'Mặt bằng đang cho Starbucks thuê');

IF NOT EXISTS (SELECT 1 FROM MATBANG WHERE MAMB = 'MB_SEED_002')
INSERT INTO MATBANG (MAMB, VITRI, TANG, DIENTICH, LOAIMB, TRANGTHAI, GHICHU)
VALUES ('MB_SEED_002', N'Khu G - Gian G02', 0, 95.00, N'Cà phê', N'Đang thuê', N'Mặt bằng đang cho Highlands Coffee thuê');

IF NOT EXISTS (SELECT 1 FROM MATBANG WHERE MAMB = 'MB_SEED_003')
INSERT INTO MATBANG (MAMB, VITRI, TANG, DIENTICH, LOAIMB, TRANGTHAI, GHICHU)
VALUES ('MB_SEED_003', N'Tầng 1 - Gian L1-01', 1, 88.50, N'Cà phê - Trà sữa', N'Đang thuê', N'Mặt bằng đang cho Phúc Long thuê');

IF NOT EXISTS (SELECT 1 FROM MATBANG WHERE MAMB = 'MB_SEED_004')
INSERT INTO MATBANG (MAMB, VITRI, TANG, DIENTICH, LOAIMB, TRANGTHAI, GHICHU)
VALUES ('MB_SEED_004', N'Tầng 2 - Gian L2-01', 2, 150.00, N'Ẩm thực nhanh', N'Đang thuê', N'Mặt bằng đang cho KFC thuê');

IF NOT EXISTS (SELECT 1 FROM MATBANG WHERE MAMB = 'MB_SEED_005')
INSERT INTO MATBANG (MAMB, VITRI, TANG, DIENTICH, LOAIMB, TRANGTHAI, GHICHU)
VALUES ('MB_SEED_005', N'Tầng 2 - Gian L2-02', 2, 145.00, N'Ẩm thực nhanh', N'Đang thuê', N'Mặt bằng đang cho Lotteria thuê');

IF NOT EXISTS (SELECT 1 FROM MATBANG WHERE MAMB = 'MB_SEED_006')
INSERT INTO MATBANG (MAMB, VITRI, TANG, DIENTICH, LOAIMB, TRANGTHAI, GHICHU)
VALUES ('MB_SEED_006', N'Tầng 5 - Cụm rạp C01', 5, 900.00, N'Giải trí', N'Đang thuê', N'Mặt bằng đang cho CGV Cinemas thuê');

IF NOT EXISTS (SELECT 1 FROM MATBANG WHERE MAMB = 'MB_SEED_007')
INSERT INTO MATBANG (MAMB, VITRI, TANG, DIENTICH, LOAIMB, TRANGTHAI, GHICHU)
VALUES ('MB_SEED_007', N'Tầng 1 - Gian L1-07', 1, 110.00, N'Bán lẻ', N'Đang thuê', N'Mặt bằng đang cho Miniso thuê');

IF NOT EXISTS (SELECT 1 FROM MATBANG WHERE MAMB = 'MB_SEED_008')
INSERT INTO MATBANG (MAMB, VITRI, TANG, DIENTICH, LOAIMB, TRANGTHAI, GHICHU)
VALUES ('MB_SEED_008', N'Tầng 1 - Gian L1-08', 1, 105.00, N'Mỹ phẩm - Nhà thuốc', N'Đang thuê', N'Mặt bằng đang cho Guardian thuê');

IF NOT EXISTS (SELECT 1 FROM MATBANG WHERE MAMB = 'MB_SEED_009')
INSERT INTO MATBANG (MAMB, VITRI, TANG, DIENTICH, LOAIMB, TRANGTHAI, GHICHU)
VALUES ('MB_SEED_009', N'Tầng 3 - Gian L3-09', 3, 260.00, N'Thời trang', N'Đang thuê', N'Mặt bằng đang cho H&M thuê');

IF NOT EXISTS (SELECT 1 FROM MATBANG WHERE MAMB = 'MB_SEED_010')
INSERT INTO MATBANG (MAMB, VITRI, TANG, DIENTICH, LOAIMB, TRANGTHAI, GHICHU)
VALUES ('MB_SEED_010', N'Tầng 3 - Gian L3-10', 3, 230.00, N'Thể thao', N'Đang thuê', N'Mặt bằng đang cho Adidas thuê');

IF NOT EXISTS (SELECT 1 FROM MATBANG WHERE MAMB = 'MB_SEED_011')
INSERT INTO MATBANG (MAMB, VITRI, TANG, DIENTICH, LOAIMB, TRANGTHAI, GHICHU)
VALUES ('MB_SEED_011', N'Tầng G - Gian G11', 0, 70.00, N'Bán lẻ', N'Còn trống', N'Có thể cho thuê mới');

IF NOT EXISTS (SELECT 1 FROM MATBANG WHERE MAMB = 'MB_SEED_012')
INSERT INTO MATBANG (MAMB, VITRI, TANG, DIENTICH, LOAIMB, TRANGTHAI, GHICHU)
VALUES ('MB_SEED_012', N'Tầng G - Gian G12', 0, 85.00, N'Dịch vụ', N'Còn trống', N'Có thể cho thuê mới');

IF NOT EXISTS (SELECT 1 FROM MATBANG WHERE MAMB = 'MB_SEED_013')
INSERT INTO MATBANG (MAMB, VITRI, TANG, DIENTICH, LOAIMB, TRANGTHAI, GHICHU)
VALUES ('MB_SEED_013', N'Tầng 1 - Gian L1-13', 1, 92.00, N'Bán lẻ', N'Còn trống', N'Có thể cho thuê mới');

IF NOT EXISTS (SELECT 1 FROM MATBANG WHERE MAMB = 'MB_SEED_014')
INSERT INTO MATBANG (MAMB, VITRI, TANG, DIENTICH, LOAIMB, TRANGTHAI, GHICHU)
VALUES ('MB_SEED_014', N'Tầng 1 - Gian L1-14', 1, 75.00, N'Dịch vụ', N'Còn trống', N'Có thể cho thuê mới');

IF NOT EXISTS (SELECT 1 FROM MATBANG WHERE MAMB = 'MB_SEED_015')
INSERT INTO MATBANG (MAMB, VITRI, TANG, DIENTICH, LOAIMB, TRANGTHAI, GHICHU)
VALUES ('MB_SEED_015', N'Tầng 2 - Gian L2-15', 2, 130.00, N'Ẩm thực', N'Còn trống', N'Có thể cho thuê mới');

IF NOT EXISTS (SELECT 1 FROM MATBANG WHERE MAMB = 'MB_SEED_016')
INSERT INTO MATBANG (MAMB, VITRI, TANG, DIENTICH, LOAIMB, TRANGTHAI, GHICHU)
VALUES ('MB_SEED_016', N'Tầng 2 - Gian L2-16', 2, 125.00, N'Ẩm thực', N'Còn trống', N'Có thể cho thuê mới');

IF NOT EXISTS (SELECT 1 FROM MATBANG WHERE MAMB = 'MB_SEED_017')
INSERT INTO MATBANG (MAMB, VITRI, TANG, DIENTICH, LOAIMB, TRANGTHAI, GHICHU)
VALUES ('MB_SEED_017', N'Tầng 3 - Gian L3-17', 3, 180.00, N'Thời trang', N'Còn trống', N'Có thể cho thuê mới');

IF NOT EXISTS (SELECT 1 FROM MATBANG WHERE MAMB = 'MB_SEED_018')
INSERT INTO MATBANG (MAMB, VITRI, TANG, DIENTICH, LOAIMB, TRANGTHAI, GHICHU)
VALUES ('MB_SEED_018', N'Tầng 4 - Gian L4-18', 4, 300.00, N'Giải trí', N'Còn trống', N'Có thể cho thuê mới');

IF NOT EXISTS (SELECT 1 FROM MATBANG WHERE MAMB = 'MB_SEED_019')
INSERT INTO MATBANG (MAMB, VITRI, TANG, DIENTICH, LOAIMB, TRANGTHAI, GHICHU)
VALUES ('MB_SEED_019', N'Tầng 4 - Gian L4-19', 4, 160.00, N'Dịch vụ', N'Đang bảo trì', N'Đang sửa hệ thống điện');

IF NOT EXISTS (SELECT 1 FROM MATBANG WHERE MAMB = 'MB_SEED_020')
INSERT INTO MATBANG (MAMB, VITRI, TANG, DIENTICH, LOAIMB, TRANGTHAI, GHICHU)
VALUES ('MB_SEED_020', N'Tầng 5 - Gian L5-20', 5, 210.00, N'Giải trí', N'Đang bảo trì', N'Đang bảo trì điều hòa');


/* =========================================================
   4. HOPDONG - 10 hợp đồng
   Mỗi hợp đồng dùng 1 mặt bằng đang thuê riêng
   MANV_SOHOA dùng nhân viên KDTC
   ========================================================= */

IF NOT EXISTS (SELECT 1 FROM HOPDONG WHERE MAHD = 'HD_SEED_001')
INSERT INTO HOPDONG
    (MAHD, MAKH, MAMB, MANV_SOHOA, MAYC, NGAYBATDAU, NGAYKETTHUC, GIATHUETHANG, TRANGTHAI, NGAYSOHOA)
VALUES
    ('HD_SEED_001', 'KH_SEED_001', 'MB_SEED_001', 'NV_SEED_004', NULL, '2026-01-01', '2026-12-31', 35000000.00, N'Đang hiệu lực', GETDATE());

IF NOT EXISTS (SELECT 1 FROM HOPDONG WHERE MAHD = 'HD_SEED_002')
INSERT INTO HOPDONG
    (MAHD, MAKH, MAMB, MANV_SOHOA, MAYC, NGAYBATDAU, NGAYKETTHUC, GIATHUETHANG, TRANGTHAI, NGAYSOHOA)
VALUES
    ('HD_SEED_002', 'KH_SEED_002', 'MB_SEED_002', 'NV_SEED_004', NULL, '2026-01-01', '2026-12-31', 28000000.00, N'Đang hiệu lực', GETDATE());

IF NOT EXISTS (SELECT 1 FROM HOPDONG WHERE MAHD = 'HD_SEED_003')
INSERT INTO HOPDONG
    (MAHD, MAKH, MAMB, MANV_SOHOA, MAYC, NGAYBATDAU, NGAYKETTHUC, GIATHUETHANG, TRANGTHAI, NGAYSOHOA)
VALUES
    ('HD_SEED_003', 'KH_SEED_003', 'MB_SEED_003', 'NV_SEED_004', NULL, '2026-01-15', '2027-01-14', 26000000.00, N'Đang hiệu lực', GETDATE());

IF NOT EXISTS (SELECT 1 FROM HOPDONG WHERE MAHD = 'HD_SEED_004')
INSERT INTO HOPDONG
    (MAHD, MAKH, MAMB, MANV_SOHOA, MAYC, NGAYBATDAU, NGAYKETTHUC, GIATHUETHANG, TRANGTHAI, NGAYSOHOA)
VALUES
    ('HD_SEED_004', 'KH_SEED_004', 'MB_SEED_004', 'NV_SEED_005', NULL, '2026-02-01', '2027-01-31', 42000000.00, N'Đang hiệu lực', GETDATE());

IF NOT EXISTS (SELECT 1 FROM HOPDONG WHERE MAHD = 'HD_SEED_005')
INSERT INTO HOPDONG
    (MAHD, MAKH, MAMB, MANV_SOHOA, MAYC, NGAYBATDAU, NGAYKETTHUC, GIATHUETHANG, TRANGTHAI, NGAYSOHOA)
VALUES
    ('HD_SEED_005', 'KH_SEED_005', 'MB_SEED_005', 'NV_SEED_005', NULL, '2026-02-01', '2027-01-31', 40000000.00, N'Đang hiệu lực', GETDATE());

IF NOT EXISTS (SELECT 1 FROM HOPDONG WHERE MAHD = 'HD_SEED_006')
INSERT INTO HOPDONG
    (MAHD, MAKH, MAMB, MANV_SOHOA, MAYC, NGAYBATDAU, NGAYKETTHUC, GIATHUETHANG, TRANGTHAI, NGAYSOHOA)
VALUES
    ('HD_SEED_006', 'KH_SEED_006', 'MB_SEED_006', 'NV_SEED_003', NULL, '2026-03-01', '2028-02-29', 150000000.00, N'Đang hiệu lực', GETDATE());

IF NOT EXISTS (SELECT 1 FROM HOPDONG WHERE MAHD = 'HD_SEED_007')
INSERT INTO HOPDONG
    (MAHD, MAKH, MAMB, MANV_SOHOA, MAYC, NGAYBATDAU, NGAYKETTHUC, GIATHUETHANG, TRANGTHAI, NGAYSOHOA)
VALUES
    ('HD_SEED_007', 'KH_SEED_007', 'MB_SEED_007', 'NV_SEED_004', NULL, '2026-03-01', '2027-02-28', 32000000.00, N'Đang hiệu lực', GETDATE());

IF NOT EXISTS (SELECT 1 FROM HOPDONG WHERE MAHD = 'HD_SEED_008')
INSERT INTO HOPDONG
    (MAHD, MAKH, MAMB, MANV_SOHOA, MAYC, NGAYBATDAU, NGAYKETTHUC, GIATHUETHANG, TRANGTHAI, NGAYSOHOA)
VALUES
    ('HD_SEED_008', 'KH_SEED_008', 'MB_SEED_008', 'NV_SEED_005', NULL, '2026-03-15', '2027-03-14', 30000000.00, N'Đang hiệu lực', GETDATE());

IF NOT EXISTS (SELECT 1 FROM HOPDONG WHERE MAHD = 'HD_SEED_009')
INSERT INTO HOPDONG
    (MAHD, MAKH, MAMB, MANV_SOHOA, MAYC, NGAYBATDAU, NGAYKETTHUC, GIATHUETHANG, TRANGTHAI, NGAYSOHOA)
VALUES
    ('HD_SEED_009', 'KH_SEED_009', 'MB_SEED_009', 'NV_SEED_003', NULL, '2026-04-01', '2027-03-31', 70000000.00, N'Đang hiệu lực', GETDATE());

IF NOT EXISTS (SELECT 1 FROM HOPDONG WHERE MAHD = 'HD_SEED_010')
INSERT INTO HOPDONG
    (MAHD, MAKH, MAMB, MANV_SOHOA, MAYC, NGAYBATDAU, NGAYKETTHUC, GIATHUETHANG, TRANGTHAI, NGAYSOHOA)
VALUES
    ('HD_SEED_010', 'KH_SEED_010', 'MB_SEED_010', 'NV_SEED_003', NULL, '2026-04-01', '2027-03-31', 65000000.00, N'Đang hiệu lực', GETDATE());


COMMIT TRANSACTION;

PRINT N'Insert seed data KHACHTHUE, NHANVIEN, MATBANG, HOPDONG thành công.';

END TRY
BEGIN CATCH
    ROLLBACK TRANSACTION;

    PRINT N'Insert seed data thất bại.';
    PRINT ERROR_MESSAGE();

    THROW;
END CATCH;


select * from KHACHTHUE;
select * from NHANVIEN;
select * from MATBANG;
select * from HOPDONG;
